{"cameraMode":{"drawMode":0,"name":"Shaded","section":"Shading Mode"},"sceneLighting":false,"audioPlay":false,"sceneViewState":{"showFog":true,"showMaterialUpdate":true,"showSkybox":false,"showFlares":true,"showImageEffects":true,"showParticleSystems":true},"in2DMode":false,"pivot":{"x":462.8314514160156,"y":8.546046257019043,"z":907.8030395507813},"rotation":{"x":0.060151901096105579,"y":-0.013130910694599152,"z":0.000939198536798358,"w":0.998207688331604},"size":1113.144775390625,"orthographic":false}