{"cameraMode":{"drawMode":0,"name":"Shaded","section":"Shading Mode"},"sceneLighting":true,"audioPlay":false,"sceneViewState":{"showFog":true,"showMaterialUpdate":true,"showSkybox":true,"showFlares":true,"showImageEffects":true,"showParticleSystems":true},"in2DMode":false,"pivot":{"x":389.053466796875,"y":447.337646484375,"z":-576.8284912109375},"rotation":{"x":0.12516078352928163,"y":0.05162779614329338,"z":-0.005993605125695467,"w":0.9910880923271179},"size":22.0,"orthographic":false}